genre_id,genre_name,genre_group,genre_subgroup
100017,植木鉢,home,flower_plant
100167,レコードプレーヤー,home,interior
100297,食パン,food,staple_food
100351,紅茶,drink,tea_coffee
100361,日本茶,drink,tea_coffee
100487,指輪・リング,home,fashion
100633,ラップ,home,interior
100650,バスマット,home,textile
100663,ブラシ・くし,home,bath_beauty
100673,紙袋・手提げ袋,home,interior
100678,玄関マット,home,textile
100715,そば猪口,home,tableware_kitchen
100733,ぐい呑み・おちょこ,home,tableware_kitchen
100754,バターナイフ,home,tableware_kitchen
100815,掛軸,home,interior
100817,のれん,home,interior
100818,畳,home,interior
100861,砂時計,home,interior
100962,石けん・ボディソープ,home,bath_beauty
100974,洗顔グッズ,home,bath_beauty
101023,,food,other_food
101047,歩数計,home,bath_beauty
101171,灰皿,home,interior
101229,工芸品・民芸品,craft,handmade
101535,セット・詰め合わせ,food,meat_seafood
101807,カーディガン,home,fashion
110001,花束・切花,home,flower_plant
110042,造花,home,flower_plant
110365,ストラップ・マスコット,home,interior
110405,切り身・丸ごと,food,meat_seafood
110408,カキ,food,meat_seafood
110409,ホタテ,food,meat_seafood
110411,カニ,food,meat_seafood
110429,,food,meat_seafood
110430,サーロイン,food,meat_seafood
110432,バラ・カルビ,food,meat_seafood
110434,モモ,food,other_food
110435,タン,food,meat_seafood
110457,セット・詰め合わせ,food,sweets
110474,,food,staple_food
110477,ジャム・コンフィチュール,food,other_food
110487,ラーメン,food,staple_food
110534,,food,other_food
110626,ビール,drink,alcohol
110692,野菜・果実飲料,drink,soft_drink
110729,ワンピース,home,fashion
110746,帽子用アクセサリー,home,fashion
110854,ブラジャー,home,fashion
110894,サングラス,home,fashion
110934,ハンドバッグ,home,fashion
110942,ショルダーバッグ・メッセンジャーバッグ,home,fashion
110950,トートバッグ,home,fashion
110966,バックパック・リュック,home,fashion
111029,ネックレス・ペンダント,home,fashion
111048,イヤリング,home,fashion
111061,ピアス,home,fashion
111120,,home,bath_beauty
111163,シール・ステッカー,home,interior
111177,スタンプ,home,interior
111179,印鑑ケース,home,interior
111210,,home,interior
111377,フォトフレーム,home,interior
111384,置物,home,interior
111388,花瓶,home,interior
111477,洗面器・風呂桶,home,bath_beauty
111523,防災セット・非常用持ちだし袋,home,interior
112134,開運インテリア,home,interior
113066,ブレスレット,home,fashion
113074,ブローチ,home,fashion
200029,中国茶,drink,tea_coffee
200052,冠婚葬祭サービス,home,interior
200100,計量スプーン,home,tableware_kitchen
200104,各種和菓子セット,food,sweets
200164,ミックスセット,drink,alcohol
200398,からすみ,food,other_food
200401,ビスケット,food,other_food
200812,ブーティー,home,fashion
200813,靴下,home,fashion
200817,おむつカバー,home,baby
200818,ベビーバス,home,baby
200823,ベビーふとんセット,home,baby
200825,ベビーラック・ハイローベッド,home,baby
200884,切り身・丸ごと,food,meat_seafood
200886,,food,meat_seafood
200891,ハモ,food,meat_seafood
200904,エビ,food,meat_seafood
200912,さつまあげ,food,meat_seafood
200915,かまぼこ,food,meat_seafood
200916,セット・詰め合わせ,food,other_food
200925,ハラミ,food,meat_seafood
200930,ロース,food,meat_seafood
200932,バラ・カルビ,food,meat_seafood
200943,手羽,food,meat_seafood
200962,セット・詰め合わせ,food,sweets
200965,ロースハム,food,meat_seafood
200969,サラミ,food,meat_seafood
200976,キウイフルーツ,food,other_food
200991,たまねぎ,food,other_food
200998,まつたけ,food,other_food
201005,黒豆,food,other_food
201019,湯葉,food,other_food
201035,,food,staple_food
201043,ちまき,food,staple_food
201047,セット・詰め合わせ,food,other_food
201050,,food,other_food
201060,カマンベール,food,other_food
201086,鶏卵,food,other_food
201091,燻製卵・くんたま,food,other_food
201093,うどん,food,staple_food
201110,マカロニ,food,staple_food
201114,パウンドケーキ,food,sweets
201116,ミルクレープ,food,sweets
201117,バウムクーヘン,food,sweets
201119,アイスケーキ,food,sweets
201121,モンブラン,food,sweets
201124,チョコクッキー,food,sweets
201126,サブレ,food,sweets
201134,ラング・ド・シャー,food,sweets
201154,マドレーヌ,food,sweets
201155,フィナンシェ,food,sweets
201158,スイートポテト,food,sweets
201159,マカロン,food,sweets
201160,ワッフル,food,sweets
201168,栗きんとん,food,sweets
201170,あんみつ,food,sweets
201172,ところてん,food,sweets
201173,甘納豆,food,sweets
201175,おはぎ,food,sweets
201178,生菓子,food,sweets
201184,白米,food,staple_food
201197,赤飯,food,staple_food
201198,おこわ,food,staple_food
201209,セット・詰め合わせ,food,sweets
201226,セット・詰め合わせ,food,staple_food
201245,玄米酢,drink,soft_drink
201249,バルサミコ,food,other_food
201250,果実酢,drink,soft_drink
201252,オリーブオイル,food,other_food
201256,,food,other_food
201260,セット・詰め合わせ,food,sweets
201267,セット・詰め合わせ,food,sweets
201393,お酢飲料,drink,soft_drink
201402,コーヒー豆,drink,tea_coffee
201439,ハーブティー,drink,tea_coffee
201453,メイクボックス,home,bath_beauty
201488,ビタミンB9・葉酸,home,bath_beauty
201588,販促品,home,interior
201592,おしゃぶり・歯がため,home,baby
201593,,home,baby
201594,ベッドメリー・モビール,home,baby
201595,がらがら・ラトル,home,baby
201596,ベビージム,home,baby
201597,手押し車・カタカタ,home,baby
201599,おもちゃ箱,home,baby
201605,かず・計算,home,baby
201606,知育パズル,home,baby
201608,,home,baby
201609,リズム・音楽,home,baby
201779,コンペ用品,home,interior
201780,グローブ・ミット,home,fashion
201789,ボール,home,baby
201957,ボール,home,baby
202502,フラワーアレンジメント,home,flower_plant
202507,鉢花,home,flower_plant
202513,観葉植物,home,flower_plant
202528,植木,home,flower_plant
203028,カーディガン・ボレロ,home,fashion
203033,バスチェア,home,baby
203036,ベビーふとんカバー・シーツ,home,baby
203038,スリーパー,home,baby
203226,ゼリー,food,sweets
203239,えびせんべい,food,other_food
203242,ぬれせんべい,food,other_food
203246,小倉あんまんじゅう,food,sweets
203248,麩まんじゅう,food,sweets
204016,妊娠線ケアクリーム,home,bath_beauty
204017,母子手帳ケース,home,baby
204019,,home,baby
204024,布絵本,home,baby
204162,,home,interior
204254,酒まんじゅう,food,sweets
204405,パンケーキ,food,sweets
204413,ラスク,food,sweets
204417,ソフトせんべい,food,other_food
204423,ういろう,food,sweets
204425,落雁・干菓子,food,sweets
204449,飲み比べセット,drink,alcohol
204467,デジタルオーディオプレーヤー,home,interior
204491,洗濯機,home,interior
204519,空気清浄機,home,interior
204549,,home,interior
204586,炊飯器,home,tableware_kitchen
204588,ホームベーカリー,home,tableware_kitchen
204688,ヨガマット,home,bath_beauty
204689,ストレッチングボード,home,bath_beauty
204750,フットケア用品,home,bath_beauty
204788,食事用エプロン,home,baby
204789,ズボン,home,fashion
204790,ベスト,home,fashion
204791,ソックス,home,fashion
204805,みかん,food,other_food
204813,フルーツ・果物,food,other_food
204852,松前漬け,food,other_food
204861,はちみつ梅,food,other_food
204864,長崎ちゃんぽん,food,staple_food
204871,寿司,food,staple_food
204952,シャツ・ポロシャツ,home,fashion
204964,ボール,home,baby
204982,スパイク,home,fashion
205161,弁当袋・ランチバッグ,home,fashion
205171,ツーウェイオール,home,baby
205175,コート・ジャケット,home,fashion
205176,手袋,home,fashion
205178,お砂場着,home,baby
205179,Tシャツ・カットソー,home,fashion
205192,ガーゼハンカチ,home,textile
205194,おしりふき,home,baby
205195,おしりふきウォーマー,home,baby
205199,布おむつ,home,baby
205202,爪切り,home,baby
205205,ベビーローション・オイル,home,baby
205212,調乳ポット,home,baby
205227,ベビーフォトフレーム,home,baby
205228,手形・足形,home,baby
205229,ぬいぐるみ・人形,home,baby
205230,銀のスプーン,home,baby
205243,おでかけおもちゃ,home,baby
205270,お絵かき,home,baby
205272,積み木,home,baby
205278,人形,home,baby
205555,敷布団,home,textile
205582,枕,home,textile
205611,毛布・ブランケット,home,textile
205613,タオルケット,home,textile
205718,クッション,home,interior
205726,,home,interior
205761,入浴剤,home,bath_beauty
205788,,home,textile
205824,多機能ペン,home,interior
205834,包装紙,home,interior
205835,リボン,home,interior
205836,シール・ステッカー,home,interior
205838,袋・ギフトバッグ,home,interior
205839,箱・ギフトボックス,home,interior
205845,認印,home,interior
205880,額縁,home,interior
206299,オーナーズグッズ,home,interior
206363,ワイシャツ,home,fashion
206440,パンツ,home,fashion
206471,シャツ・ブラウス,home,fashion
206527,着物,home,fashion
206529,部屋着,home,fashion
206530,履物,home,fashion
206547,部屋着,home,fashion
206548,履物,home,fashion
206568,割烹着・スモック,home,fashion
206629,扇子,home,fashion
206630,うちわ,home,interior
206695,インナーシャツ,home,fashion
206712,スタンダード,home,interior
206732,腹巻,home,fashion
206744,コルセット・ウエストニッパー,home,fashion
206858,ボストンバッグ,home,fashion
206878,スニーカー,home,fashion
206906,スニーカー,home,fashion
207052,ヘアクリップ,home,fashion
207053,ヘアピン,home,fashion
207235,メンズベルト,home,fashion
207237,サスペンダー,home,fashion
207314,レディースマフラー・ストール,home,fashion
207328,レディーススカーフ,home,fashion
207338,焼豚,food,meat_seafood
207682,オールインワン・サロペット,home,fashion
207726,上下セット・セットアップ,home,fashion
207730,ベビー枕,home,baby
207732,湯上りタオル,home,textile
207733,バスローブ,home,bath_beauty
207738,温度計・湿度計,home,interior
207739,鼻吸い器・鼻みず取り器,home,baby
207751,プレート・ボウル,home,tableware_kitchen
207752,箸・スプーン・フォーク,home,tableware_kitchen
207755,命名紙,home,baby
207774,サケ,food,meat_seafood
207802,肩ロース,food,meat_seafood
207803,リブロース,food,meat_seafood
207804,ランプ,home,interior
207805,みすじ,food,meat_seafood
207816,セット・詰め合わせ,food,other_food
207819,セット・詰め合わせ,food,sweets
207826,柿の種,food,other_food
207830,あんこもち,food,sweets
207831,よもぎもち,food,sweets
207832,わらびもち,food,sweets
207841,米焼酎,drink,alcohol
207853,麦焼酎,drink,alcohol
207865,いも焼酎,drink,alcohol
208116,偏光サングラス,home,fashion
208202,湯たんぽ,home,textile
208203,いびき関連グッズ,home,bath_beauty
208206,肩当て,home,fashion
208207,アイピロー,home,bath_beauty
208213,ネックピロー・クッション,home,bath_beauty
208214,円座クッション,home,bath_beauty
208238,除菌剤,home,interior
208247,爪切り,home,baby
208259,,home,bath_beauty
208316,スピーカー,home,interior
208352,衣類乾燥機,home,interior
208360,布団乾燥機,home,interior
208375,扇風機,home,interior
208411,電気ポット,home,tableware_kitchen
208429,グリル鍋,home,tableware_kitchen
208440,コーヒーメーカー,home,tableware_kitchen
208532,メンズシェーバー,home,bath_beauty
208620,ミステリー・サスペンス,home,interior
208729,結婚,home,interior
208876,絵本（日本）,home,baby
209953,,home,interior
210122,枕,home,textile
210132,ライト・照明,home,interior
210133,フロアスタンド・ランプ,home,interior
210151,神棚,home,interior
210159,線香,home,interior
210161,仏前ろうそく,home,interior
210168,水切りラック,home,tableware_kitchen
210169,整理ボックス,home,interior
210181,,home,bath_beauty
210182,洗濯用洗剤,home,interior
210194,祝儀袋,home,interior
210205,アイマスク,home,bath_beauty
210208,食器セット,home,tableware_kitchen
210222,三徳包丁,home,tableware_kitchen
210230,やかん・ケトル,home,tableware_kitchen
210254,生地・布,home,interior
210277,クラフトキット,home,interior
210311,刺繍キット,home,interior
210397,お香・インセンス,home,interior
210428,,home,interior
210434,踏み台,home,interior
210676,キューティクルオイル,home,bath_beauty
210677,シャンプー,home,bath_beauty
210756,食器,home,tableware_kitchen
210811,ボストンバッグ,home,fashion
210921,表札,home,interior
210929,ポスト,home,interior
212141,掃除用品,home,interior
212378,たこ焼き器,home,tableware_kitchen
212379,ホットプレート・グリル・フライヤー用アクセサリー,home,tableware_kitchen
212401,ミキサー,home,tableware_kitchen
212416,フードプロセッサー,home,tableware_kitchen
212417,ハンドブレンダー,home,tableware_kitchen
212428,ヨーグルトメーカー,home,tableware_kitchen
212509,マッサージチェア,home,bath_beauty
212524,ハンディマッサージャー,home,bath_beauty
212528,フットマッサージャー,home,bath_beauty
212532,フットバス,home,bath_beauty
213402,ピアノ・キーボード,home,baby
213404,太鼓・ドラム・パーカッション,home,baby
213748,バルーン・風船,home,interior
213810,キーホルダー,home,interior
213813,開運アート,home,interior
213814,護符,home,interior
213872,キャップ,home,fashion
213874,ニット帽,home,fashion
213918,巾着袋,home,interior
213922,バスタオル,home,textile
213924,フェイスタオル,home,textile
213925,ハンドタオル・ハンカチ,home,textile
213939,バックパック・リュック,home,fashion
213943,マット・シート・クッション,home,baby
213944,レインカバー,home,baby
213945,日よけ・虫よけカバー,home,baby
213954,マット・シート・クッション,home,baby
213958,ベビータオルケット,home,baby
213960,寝返り防止クッション,home,baby
213961,ベッドガード・サイドガード,home,baby
213963,ベビーチェア本体,home,baby
213968,バウンサー,home,baby
213974,おむつ替えマット,home,baby
213975,身長計,home,baby
213977,ブラシ・くし,home,baby
213979,授乳クッション,home,baby
213980,離乳食・ベビーフード,home,baby
213989,ベビーモニター・音声モニター,home,baby
214018,ちりめんじゃこ・しらす干し,food,meat_seafood
214037,鴨肉,food,meat_seafood
214054,トマト,food,other_food
214077,お茶漬け,food,staple_food
214095,ごま豆腐,food,other_food
214096,木綿豆腐,food,other_food
214098,セット・詰め合わせ,food,sweets
214099,カレー,food,staple_food
214126,フルーツチョコレート,food,sweets
214132,ベイクドチーズケーキ・NYチーズケーキ,food,sweets
214139,スフレ,food,sweets
214141,ロールケーキ,food,sweets
214152,クレープ,food,sweets
214153,シュークリーム・エクレア,food,sweets
214159,タルト,food,sweets
214171,アップルパイ,food,sweets
214174,リーフパイ・菓子パイ,food,sweets
214177,プリン,food,sweets
214189,シューアイス,food,sweets
214198,ピーナッツ,food,other_food
214204,あめ・キャンディ,food,sweets
214206,のどあめ,food,sweets
214210,ドーナツ,food,sweets
214226,あんこ大福,food,sweets
214227,クリーム大福,food,sweets
214228,いちご大福,food,sweets
214232,塩大福,food,sweets
214235,きなこもち,food,sweets
214236,,food,sweets
214237,いもようかん,food,sweets
214282,チョコレートスナック,food,sweets
214283,駄菓子珍味,food,sweets
214287,クリームパン,food,staple_food
214767,ソックス,home,fashion
214781,青汁,drink,soft_drink
214811,フットバス,home,bath_beauty
214812,腰ケア用品,home,bath_beauty
214813,アイケア用品,home,bath_beauty
214829,足ツボマッサージ,home,bath_beauty
214830,ハンディマッサージ,home,bath_beauty
214839,,home,fashion
214872,血圧計,home,bath_beauty
214929,クッション,home,interior
214940,四点杖,home,interior
214946,踏み台,home,interior
214951,シャワーチェア・風呂イス,home,baby
215105,ドライフラワー,home,flower_plant
215110,プリザーブドフラワー,home,flower_plant
215202,盆栽,home,flower_plant
215219,種子栽培セット,home,flower_plant
215220,花の苗物,home,flower_plant
215250,プランター,home,flower_plant
215271,園芸用はさみ,home,flower_plant
215476,ダイニングテーブル,home,interior
215513,ダイニングチェア,home,interior
215515,スツール,home,interior
215520,リクライニングチェア,home,interior
215525,ラウンジチェア・パーソナルチェア,home,interior
215531,カウンターチェア,home,interior
215538,座椅子,home,interior
215647,掛け布団カバー,home,textile
215663,枕カバー,home,textile
215753,,home,interior
215755,鳩時計,home,interior
215756,振り子時計,home,interior
215759,卓上ミラー,home,bath_beauty
215767,ゴミ箱,home,interior
215884,箸,home,tableware_kitchen
215908,片手鍋,home,tableware_kitchen
215913,両手鍋,home,tableware_kitchen
215927,フライパン,home,tableware_kitchen
215953,まな板立て,home,tableware_kitchen
215958,調味料入れセット,home,tableware_kitchen
215967,,home,tableware_kitchen
215969,ハンドジューサー・しぼり器,home,tableware_kitchen
215976,ミトン・鍋つかみ,home,tableware_kitchen
215983,エッグカップ,home,tableware_kitchen
216012,キッチン用洗剤,home,tableware_kitchen
216058,ボールペン,home,interior
216077,ラッピングセット,home,interior
216081,ネーム印・浸透印,home,interior
216082,アロマスプレー,home,interior
216085,アロマバーナー,home,interior
216086,,home,interior
216087,キャンドル,home,interior
216136,コンフォートサンダル,home,fashion
216158,コンフォートサンダル,home,fashion
216173,インソール・中敷き,home,fashion
216182,靴べら,home,interior
216307,化粧水・ローション,home,bath_beauty
216348,美容液,home,bath_beauty
216424,フェイスクリーム,home,bath_beauty
216600,口紅・リップスティック,home,bath_beauty
216620,リップグロス,home,bath_beauty
216660,フェイス用カミソリ,home,bath_beauty
216670,ボディローション・ミルク,home,bath_beauty
216671,ボディクリーム,home,bath_beauty
300011,ロック・ポップス,home,interior
300421,マガジンラック・シェルフ,home,interior
300452,,home,interior
300667,,home,textile
300815,座布団,home,textile
300823,置き時計,home,interior
300829,掛け時計,home,interior
300978,天然石（原石）,home,interior
301064,ハット,home,fashion
301230,急須,home,tableware_kitchen
301241,湯呑み,home,tableware_kitchen
301365,カトラリーセット,home,tableware_kitchen
301367,ワイングラス,home,tableware_kitchen
301379,シャンパングラス,home,tableware_kitchen
301392,,home,tableware_kitchen
301397,,home,tableware_kitchen
301398,,home,tableware_kitchen
301428,,home,tableware_kitchen
301446,ふきん・カウンタークロス,home,tableware_kitchen
301511,おひつ,home,tableware_kitchen
301540,物干しハンガー,home,interior
301570,ボックスティッシュケース,home,tableware_kitchen
301577,スーツケース・キャリーバッグ,home,interior
301587,ろうそく,home,interior
301638,レターセット,home,interior
301648,グリーティングカード,home,interior
301720,書道セット,home,interior
301745,マグネット,home,interior
301747,マグネットシート,home,interior
301760,バインダー,home,interior
301766,スクラップブック,home,interior
301981,メンズ腕時計,home,interior
302050,レディース腕時計,home,interior
302133,男女兼用腕時計,home,interior
302379,寝袋・シュラフ,home,textile
302491,セットアップ,home,fashion
302551,サポーター,home,bath_beauty
302759,自走用車椅子,home,interior
302782,,home,fashion
302851,吟醸酒,drink,alcohol
302854,大吟醸酒,drink,alcohol
302857,純米酒,drink,alcohol
302860,純米吟醸酒,drink,alcohol
302863,純米大吟醸酒,drink,alcohol
302869,本醸造酒,drink,alcohol
302878,普通酒,drink,alcohol
302894,黒糖焼酎,drink,alcohol
302947,栗焼酎,drink,alcohol
302949,胡麻焼酎,drink,alcohol
303017,インスタントコーヒー,drink,tea_coffee
303226,トートバッグ,home,fashion
303235,ボディバッグ・ウエストポーチ,home,fashion
303261,アクセサリーポーチ,home,fashion
303273,ビジネスバッグ・ブリーフケース,home,fashion
303274,マザーズバッグ,home,baby
303543,エプロン・前掛け,home,tableware_kitchen
303544,ベスト,home,fashion
303656,Tシャツ・カットソー,home,fashion
303662,キャミソール,home,fashion
303699,アンサンブル,home,fashion
303798,浴衣,home,fashion
303801,浴衣セット,home,fashion
303855,スウェット・トレーナー,home,fashion
303869,ベスト・ジレ,home,fashion
303956,トランクス,home,fashion
303975,ボクサーパンツ,home,fashion
304000,トップス,home,fashion
304003,,home,fashion
304009,腹巻,home,fashion
304015,バスローブ,home,bath_beauty
304046,ショーツ,home,fashion
304083,スポーツサンダル,home,fashion
304146,野菜の種子,home,flower_plant
304571,アジ,food,meat_seafood
304578,サバ,food,meat_seafood
304580,タイ,food,meat_seafood
304587,セット・詰め合わせ,food,meat_seafood
304588,いちご,food,other_food
304597,柿,food,other_food
304602,さくらんぼ,food,other_food
304609,ブドウ,food,other_food
304633,りんご,food,other_food
304644,サツマイモ,food,other_food
304652,にんにく,food,other_food
304655,落花生,food,other_food
304662,コロッケ,food,other_food
304666,セット・詰め合わせ,food,sweets
304669,セット・詰め合わせ,food,sweets
304678,セット・詰め合わせ,food,staple_food
304680,チョコレートケーキ・ガトーショコラ,food,sweets
304694,アイスクリーム,food,sweets
304702,レーズンサンド,food,sweets
304705,ミックスナッツ,food,sweets
304714,小倉もなか,food,sweets
304716,栗もなか,food,sweets
304719,干しいも,food,other_food
304758,ハンドソープ,home,bath_beauty
304759,ハンドクリーム,home,bath_beauty
304760,フットケア用品,home,bath_beauty
304761,フットクリーム,home,bath_beauty
400482,ベッドフレーム,home,interior
400616,テレビ台・ローボード,home,interior
400631,タンス・チェスト,home,interior
400762,タペストリー,home,interior
400767,オルゴール,home,interior
400771,収納ボックス・ケース,home,interior
400782,傘立て,home,interior
400795,壁掛け,home,interior
401030,のぼり,home,interior
401057,手縫い糸,home,interior
401062,裁縫針,home,interior
401103,ワンピース,home,fashion
401114,スリーパー,home,baby
401115,バスローブ,home,bath_beauty
401117,ループ付タオル,home,textile
401131,カバーオール・ロンパース,home,baby
401138,ファーストシューズ,home,baby
401142,長肌着,home,baby
401145,コンビ肌着,home,baby
401148,ボディスーツ,home,baby
401156,ベビースリング,home,baby
401158,パーツ・アクセサリー,home,interior
401160,おむつポーチ,home,baby
401166,日焼け止め・UVケア,home,bath_beauty
401171,粉ミルク,home,baby
401183,こいのぼり,home,interior
401187,福袋,home,interior
401245,箸置き・カトラリーレスト,home,tableware_kitchen
401293,徳利,home,tableware_kitchen
401295,日本酒・焼酎グラス,home,tableware_kitchen
401296,枡,home,tableware_kitchen
401300,湯呑みセット,home,tableware_kitchen
401320,,home,tableware_kitchen
401322,ケーキサーバー,home,tableware_kitchen
401333,水割りセット,drink,alcohol
401346,ティーポット,home,tableware_kitchen
401351,ドリップポット,home,tableware_kitchen
401369,ご飯茶碗,home,tableware_kitchen
401371,皿・プレート,home,tableware_kitchen
401372,マグカップ・コップ,home,tableware_kitchen
401389,,home,tableware_kitchen
401407,包丁セット,home,tableware_kitchen
401417,,home,tableware_kitchen
401421,バターケース,home,tableware_kitchen
401433,茶こし,home,tableware_kitchen
401444,製氷皿,home,tableware_kitchen
401449,鍋敷き,home,tableware_kitchen
401450,バット,home,tableware_kitchen
401504,米びつ,home,tableware_kitchen
401526,キッチンクロス,home,tableware_kitchen
401534,エプロン,home,tableware_kitchen
401539,ランチョンマット,home,tableware_kitchen
401545,お盆・トレー,home,tableware_kitchen
401550,大人用弁当箱,home,tableware_kitchen
401562,,home,interior
401608,ほうき,home,interior
401619,消臭剤・芳香剤,home,interior
401651,防じんマスク,home,interior
401655,簡易毛布・寝袋,home,textile
401669,ノート,home,interior
401758,粘土・陶土,home,interior
401760,ケース付印鑑セット,home,interior
402037,パンツ,home,fashion
402046,ベスト,home,fashion
402279,大人用水筒・マグボトル,home,tableware_kitchen
402766,布ナプキン,home,textile
402772,ショーツ,home,fashion
402778,膝用,home,bath_beauty
402788,大人用マスク,home,interior
402792,大人用冷却パック,home,bath_beauty
402833,カート・シルバーカー,home,interior
402930,ジン,drink,alcohol
402952,桜,home,flower_plant
403311,マッコリ,drink,alcohol
403657,老眼鏡,home,interior
403669,眼鏡スタンド,home,interior
403670,眼鏡ストラップ,home,interior
403725,靴下,home,fashion
403731,レッグウォーマー,home,fashion
403733,ニット帽,home,fashion
403735,ハット,home,fashion
403736,キャップ,home,fashion
403737,ハンチング・キャスケット,home,fashion
403742,サンバイザー,home,fashion
403743,麦わら帽子,home,fashion
403747,レディースハンカチ,home,textile
403753,ハンドタオル,home,textile
403755,レディース手袋,home,fashion
403761,アームカバー・アームウォーマー,home,fashion
403772,ポイントウィッグ,home,fashion
403773,増毛部分かつら,home,fashion
403776,ネックストラップ,home,fashion
403784,名刺入れ,home,fashion
403809,定期入れ・パスケース,home,fashion
403822,化粧ポーチ,home,fashion
403832,福袋,home,interior
403871,カーディガン・ボレロ,home,fashion
403911,福袋,home,interior
403915,ポロシャツ,home,fashion
403933,スパッツ・レギンス,home,fashion
403961,ウォーキングシューズ,home,fashion
403975,ウォーキングシューズ,home,fashion
404046,ジョーロ,home,interior
404051,霧吹き,home,interior
404058,リール,home,interior
404064,人工観葉植物,home,flower_plant
404904,じゃこ天,food,meat_seafood
404915,シシャモ,food,meat_seafood
404930,ホルモン,food,meat_seafood
404934,ウインナーソーセージ,food,meat_seafood
404935,ホルモン,food,meat_seafood
404936,ベーコン,food,meat_seafood
404942,メロン,food,other_food
404951,焼き鳥・つくね,food,meat_seafood
404953,佃煮,food,other_food
404996,板チョコ,food,sweets
405003,シフォンケーキ,food,sweets
405019,ポテトチップス,food,other_food
405033,カステラ,food,sweets
405037,黒糖かりんとう,food,sweets
405039,,food,sweets
405052,クリームどら焼き,food,sweets
405053,バターどら焼き,food,sweets
405057,栗入りどら焼き,food,sweets
405058,抹茶どら焼き,food,sweets
405115,洗顔石けん,home,bath_beauty
405130,洗顔フォーム,home,bath_beauty
405206,リップクリーム,home,bath_beauty
406336,マイク,home,interior
406390,本棚,home,interior
406426,,home,interior
406547,腰枕,home,textile
406562,キャンドルライト,home,interior
406605,かご・バスケット,home,interior
406611,ウォールポケット,home,interior
406662,掛け布団カバー,home,textile
406704,セット,food,sweets
406890,シルクスクリーン,home,interior
406896,グラフィック,home,interior
406901,,home,interior
406915,油彩画,home,interior
406930,書,home,interior
406942,額縁,home,interior
406987,子供用水筒・マグボトル,home,tableware_kitchen
406992,箸,home,tableware_kitchen
406996,フォーク,home,tableware_kitchen
407000,コップ,home,tableware_kitchen
407003,スタイ,home,baby
407004,スタイセット,home,baby
407026,ブランデーグラス,home,tableware_kitchen
407036,タンブラー,home,tableware_kitchen
407046,アイス・サンデーカップ,home,tableware_kitchen
407049,ワインオープナー,home,tableware_kitchen
407089,糸きり,home,interior
407090,糸通し,home,interior
407095,裁縫ばさみ,home,interior
407099,ピンクッション,home,interior
407101,指ぬき,home,interior
407120,アロマディフューザー,home,interior
407137,仏像,home,interior
407369,ブレスレット,home,fashion
407736,スイング練習,home,interior
407737,練習用ネット・マット,home,interior
407930,フィッシングベスト,home,fashion
408076,体重計・体脂肪計・体組成計,home,bath_beauty
408118,補聴器,home,interior
408126,手すり,home,interior
408149,ルーペ,home,interior
408186,チューハイ,drink,alcohol
408254,コーヒー飲料,drink,soft_drink
408789,トートバッグ,home,fashion
408849,レディースコインケース,home,fashion
408891,マネークリップ,home,fashion
408907,靴下,home,fashion
408921,ニット帽,home,fashion
408922,キャップ,home,fashion
408923,ハット,home,fashion
408924,サンバイザー,home,fashion
408925,ハンチング・キャスケット,home,fashion
408929,メンズハンカチ,home,textile
409427,靴磨き,home,interior
409579,果物の苗物,home,flower_plant
409613,ガーデンオーナメント・置物,home,interior
409615,クリスマスリース,home,interior
409927,サーキュレーター,home,interior
410682,シートクッション,home,interior
410694,カークリーナー・車載掃除機,home,interior
410713,ひつまぶし,food,staple_food
410723,だし昆布,food,other_food
410732,干物・燻製・スモーク食品,food,meat_seafood
410795,カツオ,food,meat_seafood
410813,タコ,food,meat_seafood
410818,切れ子,food,meat_seafood
410823,切れ子,food,meat_seafood
410825,,food,meat_seafood
410832,タテガミ,food,meat_seafood
410850,マンゴー,food,other_food
410879,生姜,food,other_food
410903,油揚げ,food,other_food
410911,肉まん,food,meat_seafood
410924,そうめん,food,staple_food
410946,各種チョコレートセット,food,sweets
410953,バターケーキ,food,sweets
410961,各種ナッツセット,food,sweets
410964,かるかんまんじゅう,food,sweets
410976,フランスパン,food,staple_food
410995,かつおだし,food,other_food
411006,炊き込みご飯の素,food,staple_food
411008,おかか,food,other_food
412209,抱っこひも,home,baby
500281,デスクライト・テーブルランプ,home,interior
500996,コート・ジャケット,home,fashion
501005,,home,fashion
501059,れんげ,home,tableware_kitchen
501065,,home,tableware_kitchen
501069,圧力鍋,home,tableware_kitchen
501098,トイレットペーパー,home,interior
501137,簡易トイレ,home,interior
501882,パンツ,home,fashion
501888,カップ,home,tableware_kitchen
501923,テーブル,home,interior
501931,マット,home,textile
502221,ビジネスバッグ・ブリーフケース,home,fashion
502240,ショルダーバッグ・メッセンジャーバッグ,home,fashion
502280,バックパック・リュック,home,fashion
502368,レディース財布,home,fashion
502429,ネクタイ,home,fashion
502467,手鏡,home,bath_beauty
502468,コンパクトミラー,home,bath_beauty
502526,風呂敷,home,interior
502530,パーカー,home,fashion
502534,ニット・セーター,home,fashion
502597,ピック,home,interior
502658,キーホルダー,home,interior
502774,エスプレッソマシン,home,tableware_kitchen
502782,オーブントースター,home,tableware_kitchen
502792,ヘアドライヤー,home,bath_beauty
502835,ヘッドホン・イヤホン,home,interior
502866,パイナップル,food,other_food
502897,各種ケーキセット,food,sweets
502907,各種アイスクリーム・シャーベットセット,food,sweets
502911,各種クッキー・焼き菓子セット,food,sweets
502915,各種あめ・ミント・ガムセット,food,sweets
502916,南部せんべい,food,other_food
502917,各種せんべい・米菓セット,food,other_food
502925,各種駄菓子セット,food,sweets
502936,セット・詰め合わせ,food,sweets
503020,シートマスク・フェイスパック,home,bath_beauty
503041,美顔ローラー,home,bath_beauty
503054,日焼け止め,home,bath_beauty
503170,超音波美顔器,home,bath_beauty
503172,イオン導入器,home,bath_beauty
505140,ガーゼケット,home,textile
505257,ジグソーパズル,home,baby
505305,記念メダル,home,interior
505374,スニーカー,home,fashion
505388,ベスト・ジレ,home,fashion
505391,ケープ・マント,home,fashion
505404,レッグウォーマー,home,fashion
505406,ベビーベッド,home,baby
505413,ベビーシャンプー,home,baby
505419,ベビーアルバム,home,baby
505423,授乳ケープ,home,baby
505441,整理棚・ラック,home,interior
505457,トイレマット・カバーセット,home,textile
505519,ウェットティッシュ,home,baby
505522,,home,baby
505526,ポケットティッシュケース,home,interior
505531,ルームシューズ,home,fashion
505532,スリッパセット・ルームシューズセット,home,fashion
505560,ブックカバー,home,interior
505564,ぽち袋・お年玉袋,home,interior
505621,アルバム,home,interior
505679,お香立て・スタンド・受け皿,home,interior
505724,腕時計収納ケース,home,interior
505845,ソックス,home,fashion
505980,スポーツタオル,home,textile
506000,マーカー・ハットクリップ,home,interior
506410,健康サンダル・スリッパ,home,fashion
506499,ワインクーラー,home,tableware_kitchen
506687,日傘,home,fashion
507607,,home,interior
507689,真子,food,meat_seafood
507690,真子,food,meat_seafood
507738,ゆず,food,other_food
507768,はちみつ,food,other_food
507780,水産物加工品,food,meat_seafood
507786,セット・詰め合わせ,food,sweets
507789,水産物加工品,food,meat_seafood
507790,肉加工品,food,meat_seafood
507791,野菜・きのこ,food,other_food
507792,フルーツ・果物,food,other_food
507793,セット・詰め合わせ,food,sweets
507802,,food,sweets
507808,味付け海苔,food,other_food
507811,セット・詰め合わせ,food,sweets
507843,育毛・養毛剤,home,bath_beauty
508120,落語,home,interior
508183,マットレス,home,textile
508241,抱き枕,home,textile
508248,足枕,home,textile
508289,クッションカバー,home,interior
508297,座布団カバー,home,textile
508304,からくり時計,home,interior
508414,バックパック・リュック,home,fashion
508418,レッスンバッグ・トートバッグ,home,fashion
508430,おくるみ,home,baby
508434,オールインワン・サロペット,home,fashion
508456,シャワーヘッド,home,bath_beauty
508477,コースター,home,tableware_kitchen
508488,重箱,home,tableware_kitchen
508501,おろし器,home,tableware_kitchen
508506,ざる,home,tableware_kitchen
508578,ネクタイピン,home,fashion
509176,エコバッグ,home,fashion
509189,眼鏡ケース,home,fashion
509193,眼鏡チェーン,home,interior
509290,てぬぐい,home,textile
509380,植木鉢・プランターカバー,home,flower_plant
509386,鉢皿,home,flower_plant
509661,セット・詰め合わせ,food,sweets
509663,赤身,food,meat_seafood
509664,セット・詰め合わせ,food,sweets
509677,シャーベット,food,sweets
509683,ジェラート,food,sweets
509740,おにぎり,food,staple_food
509741,弁当・駅弁,food,staple_food
509742,つけ麺,food,staple_food
509748,刺身しょうゆ・だししょうゆ,food,other_food
509759,セット・詰め合わせ,food,other_food
509762,セット・詰め合わせ,food,sweets
510096,ボディマッサージグッズ,home,bath_beauty
510859,パジャマ,home,fashion
510865,ネグリジェ,home,fashion
510870,バスローブ,home,bath_beauty
510875,ナイトガウン,home,fashion
510881,トップス,home,fashion
510882,,home,fashion
510883,上下セット,home,fashion
510884,パジャマ,home,fashion
510890,ナイトガウン,home,fashion
510896,トップス,home,fashion
510898,上下セット,home,fashion
510900,ナイトウェア・ルームウェア,home,fashion
510903,梅酒,drink,alcohol
511292,ゆず,food,other_food
551180,Tシャツ・カットソー,home,fashion
551182,カジュアルシャツ,home,fashion
551221,ベッドパッド・敷きパッド,home,textile
551228,カーペット・ラグ,home,textile
551267,木琴・鉄琴,home,baby
551346,ボード,home,interior
551523,キッズ用エプロン,home,tableware_kitchen
551591,水筒ケース,home,tableware_kitchen
551628,ブーツ,home,fashion
551639,パジャマ,home,fashion
551648,甚平,home,fashion
551686,ベルト,home,fashion
551692,ベビー用歯ブラシ,home,baby
551717,乳歯入れ,home,baby
551732,バスタオル,home,textile
551736,フェイスタオル,home,textile
551934,ロングパンツ,home,fashion
552448,,home,interior
552710,メンズ財布,home,fashion
552925,メンズコインケース,home,fashion
553029,チュニック,home,fashion
553037,レインコート,home,fashion
553251,お好み焼き,food,staple_food
553325,白ワイン,drink,alcohol
553326,スパークリングワイン・シャンパン,drink,alcohol
553698,,home,interior
553774,,home,interior
553775,プラネタリウム,home,interior
555066,麦わら帽子,home,fashion
555087,コート・ジャケット,home,fashion
555118,アレンジメント用花器,home,flower_plant
555142,ガーデンエプロン,home,tableware_kitchen
555143,ガーデンシューズ・ブーツ,home,fashion
555144,ガーデングローブ・手袋,home,fashion
555834,辣油・ラー油,food,other_food
558707,あられ・おかき,food,other_food
558846,ズボン・パンツ,home,fashion
558873,コート・ジャケット,home,fashion
558909,リボンモチーフ,home,fashion
558926,スリッポン,home,fashion
558986,キャセロール鍋,home,tableware_kitchen
558994,土鍋,home,tableware_kitchen
559010,雪平鍋,home,tableware_kitchen
559054,せいろ,home,tableware_kitchen
559075,天ぷら鍋,home,tableware_kitchen
559203,グリルパン,home,tableware_kitchen
559231,ホットサンドメーカー,home,tableware_kitchen
559235,ワッフルメーカー,home,tableware_kitchen
559647,柔軟剤,home,interior
559939,ゼリー飲料,drink,soft_drink
560271,ケース・カバー,home,interior
562084,スキンケア,home,bath_beauty
562135,スカルプケアローション・エッセンス,home,bath_beauty
562538,ステテコ,home,fashion
562661,電気ケトル,home,tableware_kitchen
562701,リビング壁面収納・システム収納,home,interior
562715,アロマランプ,home,interior
562992,名前スタンプ,home,interior
563184,ハーフパンツ・ショートパンツ,home,fashion
563210,スープ,food,other_food
563299,,home,interior
563339,赤ワイン,drink,alcohol
563340,白ワイン,drink,alcohol
563341,ロゼワイン,drink,alcohol
563342,スパークリングワイン・シャンパン,drink,alcohol
563689,掛け布団,home,textile
563790,眉・鼻毛・甘皮はさみ,home,bath_beauty
563974,もつ鍋,home,tableware_kitchen
564008,ネックウォーマー・スヌード,home,fashion
564021,妻飾り,home,interior
564070,バッグハンガー,home,interior
564080,きんつば,food,sweets
564239,ネームプレート,home,interior
564245,パッティング練習,home,interior
564331,電気フライヤー,home,tableware_kitchen
564422,スモークチーズ,food,other_food
564562,スリッポン,home,fashion
564610,キャップ,home,fashion
564611,スカート,home,fashion
564612,ブルマ,home,fashion
564614,ワンピース,home,fashion
564647,ご飯パック,food,staple_food
564895,スマートウォッチ本体,home,interior
564982,保存容器・キャニスター,home,tableware_kitchen
564987,茶道具セット,drink,tea_coffee
564989,ミルセット,home,tableware_kitchen
564990,,home,tableware_kitchen
565045,ナイフ,home,tableware_kitchen
565047,スプーン,home,tableware_kitchen
565052,クッキーサンド,food,sweets
565066,衣類スチーマー・ハンガースチーマー,home,interior
565078,炭酸水メーカー,home,tableware_kitchen
565105,掃除機,home,interior
565120,シートマッサージャー,home,bath_beauty
565215,レディース雨傘,home,fashion
565216,メンズ雨傘,home,fashion
565217,男女兼用雨傘,home,fashion
565218,晴雨兼用傘,home,fashion
565219,一本杖,home,interior
565221,バッグチャーム,home,fashion
565222,バッグオーガナイザー・バッグインバッグ,home,fashion
565293,ガーデニングアームカバー,home,fashion
565421,ガーデンライト ・灯篭,home,interior
565459,花束ラッピング用品,home,interior
565461,盆栽苔,home,flower_plant
565531,温湿度計,home,interior
565597,甘酒,drink,soft_drink
565605,セット,food,sweets
565606,セット,home,textile
565607,物干しスタンド,home,interior
565618,実印・代表印,home,interior
565628,スリッパ,home,fashion
565644,ちりめん細工キット,craft,handmade
565649,ホッチキス,home,interior
565675,セット,home,bath_beauty
565795,キッズ・ジュニア用ウェア,home,fashion
565849,レディースウェア,home,fashion
565859,トレーニングベルト,home,fashion
565911,帽子,home,fashion
565952,ハイボール,drink,alcohol
565955,周辺機器,home,interior
565977,ノドグロ,food,meat_seafood
566060,セット・詰め合わせ,food,sweets
566062,西京漬・漬魚,food,meat_seafood
566091,おむつケーキ,home,baby
566109,下着セット,home,fashion
566111,食器セット,home,tableware_kitchen
566122,コーヒーフィルター,drink,tea_coffee
566123,コーヒードリッパー,drink,tea_coffee
566130,皿・プレート,home,tableware_kitchen
566131,グラタン皿,home,tableware_kitchen
566133,ランチプレート・仕切り皿,home,tableware_kitchen
566134,とんすい,home,tableware_kitchen
566135,ご飯茶碗,home,tableware_kitchen
566136,丼,home,tableware_kitchen
566137,汁椀,home,tableware_kitchen
566138,スープボウル・カップ,home,tableware_kitchen
566140,サラダボウル,home,tableware_kitchen
566143,鉢,home,flower_plant
566146,食器セット,home,tableware_kitchen
566148,ビアグラス・ジョッキ,home,tableware_kitchen
566152,コーヒーカップ,home,tableware_kitchen
566153,ティーカップ,home,tableware_kitchen
566155,カップ＆ソーサー,home,tableware_kitchen
566157,マグカップ,home,tableware_kitchen
566176,,home,interior
566179,フレーム・マットレスセット,home,interior
566180,,home,interior
566194,置き掛け兼用時計,home,interior
566195,アートパネル・アートボード,home,interior
566226,靴下・レッグウェア,home,fashion
566229,インナーシャツ,home,fashion
566333,2way・3wayバッグ,home,fashion
566446,木馬・動物,home,baby
566460,間接照明,home,interior
566492,ウェルカムドール,home,interior
566627,トロ,food,meat_seafood
566628,大トロ,food,meat_seafood
566634,カニミソ,food,meat_seafood
566637,たくあん漬け,food,other_food
566646,刺身・たたき,food,meat_seafood
566647,蒲焼き,food,meat_seafood
566648,白焼き,food,meat_seafood
566650,みそ汁,food,other_food
566654,エビチリ,food,staple_food
566655,,food,staple_food
566674,ナン,food,staple_food
566678,グラノーラ,food,other_food
566683,牛丼,food,staple_food
566727,安全靴,home,fashion
566732,カタログギフト,catalog,catalog_gift
566733,親子ペアルック,home,fashion
566742,花時計,home,flower_plant
566776,,home,interior
566828,ブレスレット,home,fashion
566880,クラフトキット,home,interior
566889,足温器・フットヒーター,home,textile
567174,ドキュメントスキャナ,home,interior
567222,精肉セット,food,meat_seafood
567223,飲み比べセット,drink,alcohol
567224,飲み比べセット,drink,alcohol
567229,朱印帳,home,interior
567232,リンスインシャンプー,home,bath_beauty
567233,シャンプー・リンスセット,home,bath_beauty
567251,マヌカハニー,food,other_food
567255,ヘアアクセサリー,home,fashion
567442,セット,food,sweets
567488,スパッツ・レギンス,home,fashion
567520,面ファスナーシューズ,home,fashion
567521,ファスナーシューズ,home,fashion
567522,スリッポン,home,fashion
567534,エアーポット・保温ポット,home,tableware_kitchen
567535,ハーバリウム,home,flower_plant
567538,シャンプー・トリートメントセット,home,bath_beauty
567541,かき氷器,home,tableware_kitchen
567542,ブックマーク・しおり,home,interior
567548,アクセサリースタンド,home,interior
567554,セット,food,sweets
567644,グルコサミン・コンドロイチン混合,home,bath_beauty
567645,植物茶,drink,tea_coffee
567651,飲み比べセット,drink,alcohol
567654,,drink,alcohol
567655,ジャパニーズ・ウイスキー,drink,alcohol
567656,アルマニャック,drink,alcohol
567661,赤ワインセット,drink,alcohol
567662,白ワインセット,drink,alcohol
567665,モルト・ウイスキー,drink,alcohol
567667,ブレンデッド・ウイスキー,drink,alcohol
567671,テネシー・ウイスキー,drink,alcohol
567706,お吸い物,food,other_food
567752,浴用化粧品,home,bath_beauty
567772,冷却タオル,home,textile
567809,バイオエタノール暖炉,home,interior
567812,ソープフラワー,home,flower_plant
567850,紅茶,drink,tea_coffee
567852,植物茶,drink,tea_coffee
568194,セット,food,sweets
568197,医療用帽子,home,fashion
568211,アームカバー,home,fashion
568213,スカーフリング,home,fashion
568231,,home,interior
568232,手芸材料セット,home,interior
568233,ウェルカムボード,home,interior
568243,,home,tableware_kitchen
568250,ボールケース,home,interior
568255,ニンニク,food,other_food
568270,色紙,home,interior
568272,プレイハウス・テント,home,baby
568283,位牌,home,interior
568288,,home,bath_beauty
568305,コーヒー用品セット,drink,tea_coffee
568306,お茶用品セット,drink,tea_coffee
568315,羽子板,home,interior
568316,破魔弓,home,interior
568327,スニーカー,home,fashion
568340,フォームローラー,home,bath_beauty
568363,ネックマッサージャー,home,bath_beauty
568384,フェイスカバー・ネックカバー,home,fashion
568405,ワンピース,home,fashion
568410,各種スイーツ・お菓子セット,food,sweets
568422,クッション,home,interior
568426,ヘッドガードクッション,home,baby
568432,ケーキトッパー,home,interior
568465,キーケース,home,fashion
568487,自動ソープディスペンサー,home,bath_beauty
568488,傘用アクセサリー,home,fashion
568490,モビール,home,interior
568491,ナイトウェア・ルームウェア,home,fashion
568495,ベビーマット・お昼寝マット・プレイマット,home,baby
568499,ラップタオル,home,textile
568512,シャワーサンダル,home,fashion
568536,ラジオメーター,home,interior
568542,徳利・おちょこセット,home,tableware_kitchen
568563,ホットサンドメーカー・ワッフルメーカー,home,tableware_kitchen
568579,ヘアオイル,home,bath_beauty
568589,ヘアドライタオル,home,textile
568629,集音器,home,interior
568631,おむつストッカー,home,baby
568659,リードディフューザー,home,interior
568695,サインプレート,home,interior
568696,苔テラリウム,home,flower_plant
568714,サウナハット,home,fashion
205222,ギフトセット,,
212377,ホットプレート,home,tableware_kitchen
201289,セット・詰め合わせ,,
215951,まな板・カッティングボード,home,tableware_kitchen
201632,ぬいぐるみ,home,baby
565046,フォーク,home,tableware_kitchen
207288,キーホルダー,home,fashion
506539,ドリップバッグ,drink,tea_coffee
100276,スープ,food,other_food
214104,ハンバーグ,food,meat_seafood
566651,セット・詰め合わせ,,
207753,トレーニングカップ・マグ,home,baby
407005,お食事エプロン,home,baby
203037,ベビー毛布,home,baby
201099,そば,food,staple_food
553753,ウォールステッカー・シール,home,interior
405051,小倉あんどら焼き,food,sweets
401139,短肌着,home,baby
215694,ハンガーラック・コートハンガー,home,interior
216125,りん,home,interior
559046,ご飯鍋,home,tableware_kitchen
400761,テーブルランナー・テーブルセンター,home,textile
565800,セット,,
301722,レターケース・デスクトレー,home,interior
215687,レンジボード,home,tableware_kitchen
400464,2段ベッド,home,interior
566399,ドールハウス,,
560283,スマートフォンスタンド,home,interior
406928,仏像,home,interior
566139,煮物椀,home,tableware_kitchen
567827,ダイニングベンチ,home,interior
112203,フィギュア,home,interior
565423,門柱,home,interior
500349,火鉢,home,interior
206201,ハウス・犬小屋,home,interior
564566,フラットシーツ,home,textile
215980,使い捨てカップ,home,tableware_kitchen
500314,ソファカバー・イスカバー,home,textile
111492,衣類収納ボックス,home,interior
300399,収納ケース・ボックス,home,interior
566141,菓子椀,home,tableware_kitchen
501125,ご飯,food,staple_food
401542,テーブルクロス,home,textile
568219,電気圧力鍋,home,tableware_kitchen
400766,壁紙,home,interior
565652,名刺箱,home,interior
215485,サイドテーブル・ナイトテーブル,home,interior
400393,オットマン,home,interior
100651,トイレマット,home,bath_beauty
205797,消火器,,
100687,ハンガー,home,interior
300576,ドレープカーテン,home,textile
566211,床保護マット・チェアマット,home,textile
567447,セット,,
206717,吸水・サニタリー,home,bath_beauty
203254,水ようかん,food,sweets
213189,ラジオ,,
302145,腕時計用ベルト・バンド,home,fashion
207783,つぶ貝,food,meat_seafood
564203,磁気・チタン・ゲルマニウムアクセサリー,home,fashion
566061,あごだし,food,other_food
410900,水炊き,food,meat_seafood
203252,小倉ようかん,food,sweets
402009,ルーペ,,
565251,懐中時計,home,fashion
403969,レインシューズ・長靴,home,fashion
300405,オープンラック,home,interior
101039,敷布団,home,textile
208257,手すり・ベッドサイドレール,home,interior
407236,ペンダントトップ,home,fashion
100296,デニッシュ,food,sweets
568677,たこせんべい,food,sweets
564581,モカシン,home,fashion
410897,すき焼き,food,meat_seafood
409352,ポロシャツ,home,fashion
551847,携帯用箸,home,tableware_kitchen
210246,万年筆,home,fashion
100280,シュウマイ,food,meat_seafood
565214,クレジットカードケース,home,fashion
207827,黒糖まんじゅう,food,sweets
214131,レアチーズケーキ,food,sweets
566626,赤身,food,meat_seafood
201015,煮物,food,other_food
566667,セット・詰め合わせ,,
500333,スタンドミラー,home,interior
215964,キッチンスケール,home,tableware_kitchen
100767,茶筒,home,tableware_kitchen
406893,木版画,home,interior
210229,フライ返し・ターナー,home,tableware_kitchen
406428,姿見ドレッサー,home,interior
406384,キッチン隙間収納,home,tableware_kitchen
301614,笛・ホイッスル,,
406995,スプーン,home,tableware_kitchen
400409,折りたたみチェア,home,interior
555117,プリザーブドフラワー花材,craft,handmade
404052,ホース,home,interior
401427,スパチュラ・ヘラ,home,tableware_kitchen
215965,計量カップ,home,tableware_kitchen
505551,ちろり,home,tableware_kitchen
566630,昆布,food,other_food
216467,ジェルパック・クリーム,home,bath_beauty
406997,トリオセット,,
566095,パンツ,home,fashion
207662,ボードゲーム,home,interior
204875,セット・詰め合わせ,,
301726,つり銭トレー,,
202535,フラワースタンド・園芸ラック,home,flower_plant
508514,懐中電灯,home,interior
301418,ボウル,home,tableware_kitchen
215655,寝具カバーセット,home,textile
200914,笹かまぼこ,food,meat_seafood
500333,スタンドミラー,home,interior
205831,文鎮,home,interior
568271,ペーパータオル,home,interior
302916,泡盛,drink,alcohol
568606,ストロー,home,tableware_kitchen
501915,チェア,home,interior
562638,ロボット掃除機,home,interior
100816,屏風,home,interior
500305,フットライト,home,interior
401412,おたま・レードル,home,tableware_kitchen
568566,通帳ケース,,
215888,マドラー,home,tableware_kitchen
508574,カフス,home,fashion
